Image_1.jpg,sitting
Image_4.jpg,sleeping
Image_6.jpg,sleeping
Image_15.jpg,sleeping
Image_33.jpg,sitting
Image_37.jpg,running
Image_45.jpg,sleeping
Image_48.jpg,sleeping
Image_62.jpg,sitting
Image_65.jpg,sleeping
Image_75.jpg,running
Image_82.jpg,sleeping
Image_109.jpg,sleeping
Image_116.jpg,sleeping
Image_122.jpg,sleeping
Image_124.jpg,sleeping
Image_157.jpg,sleeping
Image_177.jpg,sleeping
Image_179.jpg,sleeping
Image_182.jpg,sleeping
Image_183.jpg,running
Image_195.jpg,sitting
Image_201.jpg,sitting
Image_211.jpg,sleeping
Image_218.jpg,running
Image_222.jpg,sitting
Image_228.jpg,running
Image_235.jpg,sitting
Image_238.jpg,running
Image_239.jpg,sleeping
Image_263.jpg,sleeping
Image_280.jpg,sleeping
Image_295.jpg,sleeping
Image_306.jpg,running
Image_330.jpg,sleeping
Image_335.jpg,running
Image_339.jpg,sleeping
Image_346.jpg,sleeping
Image_348.jpg,running
Image_361.jpg,sleeping
Image_362.jpg,sitting
Image_367.jpg,sleeping
Image_368.jpg,sleeping
Image_380.jpg,sitting
Image_385.jpg,sleeping
Image_410.jpg,sleeping
Image_411.jpg,sleeping
Image_420.jpg,sleeping
Image_452.jpg,sleeping
Image_453.jpg,sleeping
Image_462.jpg,sitting
Image_483.jpg,sleeping
Image_494.jpg,sitting
Image_497.jpg,sleeping
Image_503.jpg,sleeping
Image_506.jpg,sitting
Image_521.jpg,sleeping
Image_537.jpg,sitting
Image_542.jpg,sitting
Image_555.jpg,sitting
Image_557.jpg,running
Image_558.jpg,sleeping
Image_582.jpg,running
Image_589.jpg,sitting
Image_597.jpg,sitting
Image_603.jpg,sleeping
Image_608.jpg,sleeping
Image_614.jpg,running
Image_619.jpg,running
Image_635.jpg,running
Image_662.jpg,sleeping
Image_665.jpg,sleeping
Image_673.jpg,sitting
Image_677.jpg,running
Image_686.jpg,sleeping
Image_697.jpg,sleeping
Image_710.jpg,running
Image_714.jpg,sleeping
Image_718.jpg,sitting
Image_720.jpg,sleeping
Image_736.jpg,sitting
Image_740.jpg,sleeping
Image_752.jpg,running
Image_762.jpg,sitting
Image_767.jpg,sleeping
Image_770.jpg,sitting
Image_771.jpg,sleeping
Image_786.jpg,sleeping
Image_791.jpg,sleeping
Image_801.jpg,sleeping
Image_813.jpg,sitting
Image_825.jpg,sitting
Image_828.jpg,sleeping
Image_870.jpg,sitting
Image_873.jpg,sleeping
Image_875.jpg,sleeping
Image_879.jpg,sleeping
Image_881.jpg,sitting
Image_895.jpg,running
Image_900.jpg,sleeping
Image_902.jpg,sleeping
Image_907.jpg,sitting
Image_908.jpg,sleeping
Image_920.jpg,sitting
Image_943.jpg,sitting
Image_950.jpg,sleeping
Image_956.jpg,sleeping
Image_958.jpg,sitting
Image_960.jpg,sleeping
Image_963.jpg,sleeping
Image_978.jpg,sitting
Image_987.jpg,running
Image_1002.jpg,sleeping
Image_1009.jpg,sleeping
Image_1035.jpg,sleeping
Image_1039.jpg,running
Image_1040.jpg,sitting
Image_1045.jpg,sitting
Image_1053.jpg,sleeping
Image_1063.jpg,sleeping
Image_1066.jpg,sitting
Image_1067.jpg,sleeping
Image_1074.jpg,sleeping
Image_1084.jpg,sleeping
Image_1108.jpg,sleeping
Image_1109.jpg,sitting
Image_1120.jpg,sleeping
Image_1124.jpg,running
Image_1147.jpg,sitting
Image_1171.jpg,sleeping
Image_1174.jpg,running
Image_1184.jpg,sleeping
Image_1189.jpg,sleeping
Image_1194.jpg,running
Image_1196.jpg,sitting
Image_1200.jpg,sleeping
Image_1210.jpg,sitting
Image_1213.jpg,sleeping
Image_1214.jpg,sleeping
Image_1228.jpg,sleeping
Image_1237.jpg,sleeping
Image_1250.jpg,sitting
Image_1258.jpg,sleeping
Image_1266.jpg,sleeping
Image_1276.jpg,sleeping
Image_1315.jpg,sleeping
Image_1317.jpg,sleeping
Image_1323.jpg,running
Image_1326.jpg,sitting
Image_1336.jpg,sleeping
Image_1345.jpg,sleeping
Image_1357.jpg,sitting
Image_1368.jpg,sitting
Image_1371.jpg,running
Image_1397.jpg,running
Image_1398.jpg,sleeping
Image_1425.jpg,sleeping
Image_1433.jpg,sleeping
Image_1453.jpg,sitting
Image_1460.jpg,sleeping
Image_1461.jpg,sleeping
Image_1462.jpg,running
Image_1466.jpg,sleeping
Image_1475.jpg,sitting
Image_1477.jpg,sleeping
Image_1482.jpg,sitting
Image_1485.jpg,sleeping
Image_1509.jpg,running
Image_1510.jpg,sleeping
Image_1512.jpg,running
Image_1521.jpg,sleeping
Image_1532.jpg,sleeping
Image_1533.jpg,sitting
Image_1535.jpg,sitting
Image_1541.jpg,running
Image_1544.jpg,sleeping
Image_1562.jpg,sleeping
Image_1572.jpg,sitting
Image_1576.jpg,running
Image_1580.jpg,sleeping
Image_1584.jpg,sleeping
Image_1604.jpg,sitting
Image_1613.jpg,sitting
Image_1618.jpg,sleeping
Image_1640.jpg,sitting
Image_1645.jpg,sleeping
Image_1651.jpg,sleeping
Image_1658.jpg,sleeping
Image_1664.jpg,sleeping
Image_1682.jpg,sleeping
Image_1683.jpg,sitting
Image_1708.jpg,sitting
Image_1714.jpg,sleeping
Image_1717.jpg,sitting
Image_1731.jpg,sleeping
Image_1771.jpg,sleeping
Image_1779.jpg,sleeping
Image_1782.jpg,running
Image_1786.jpg,sleeping
Image_1794.jpg,sleeping
Image_1816.jpg,sleeping
Image_1818.jpg,sleeping
Image_1844.jpg,sitting
Image_1845.jpg,sitting
Image_1846.jpg,sleeping
Image_1847.jpg,sleeping
Image_1860.jpg,sleeping
Image_1863.jpg,sleeping
Image_1894.jpg,running
Image_1896.jpg,sleeping
Image_1898.jpg,sleeping
Image_1915.jpg,sitting
Image_1918.jpg,sleeping
Image_1943.jpg,sitting
Image_1967.jpg,sitting
Image_1971.jpg,sitting
Image_1972.jpg,sitting
Image_1983.jpg,sleeping
Image_1991.jpg,sleeping
Image_2001.jpg,sleeping
Image_2006.jpg,sleeping
Image_2025.jpg,sitting
Image_2030.jpg,sitting
Image_2032.jpg,sleeping
Image_2033.jpg,running
Image_2050.jpg,sleeping
Image_2065.jpg,sitting
Image_2069.jpg,sleeping
Image_2071.jpg,sleeping
Image_2081.jpg,sleeping
Image_2085.jpg,sitting
Image_2103.jpg,sitting
Image_2119.jpg,sitting
Image_2131.jpg,sleeping
Image_2153.jpg,sleeping
Image_2157.jpg,sitting
Image_2161.jpg,sleeping
Image_2178.jpg,sleeping
Image_2191.jpg,sleeping
Image_2199.jpg,sleeping
Image_2204.jpg,sitting
Image_2214.jpg,running
Image_2236.jpg,running
Image_2239.jpg,sitting
Image_2264.jpg,sitting
Image_2279.jpg,sitting
Image_2285.jpg,sitting
Image_2291.jpg,running
Image_2297.jpg,sleeping
Image_2300.jpg,sleeping
Image_2310.jpg,sleeping
Image_2326.jpg,sleeping
Image_2329.jpg,sleeping
Image_2331.jpg,sitting
Image_2344.jpg,sleeping
Image_2375.jpg,sleeping
Image_2379.jpg,sitting
Image_2389.jpg,sleeping
Image_2400.jpg,sitting
Image_2408.jpg,sleeping
Image_2410.jpg,sitting
Image_2462.jpg,sitting
Image_2471.jpg,sleeping
Image_2479.jpg,sleeping
Image_2488.jpg,sleeping
Image_2491.jpg,sitting
Image_2509.jpg,sleeping
Image_2510.jpg,running
Image_2512.jpg,sitting
Image_2519.jpg,sitting
Image_2538.jpg,sleeping
Image_2568.jpg,sleeping
Image_2569.jpg,sleeping
Image_2579.jpg,sleeping
Image_2596.jpg,sitting
Image_2599.jpg,sleeping
Image_2601.jpg,sleeping
Image_2610.jpg,sleeping
Image_2615.jpg,sitting
Image_2618.jpg,sitting
Image_2622.jpg,sitting
Image_2639.jpg,sleeping
Image_2648.jpg,sitting
Image_2652.jpg,sitting
Image_2658.jpg,sleeping
Image_2659.jpg,sitting
Image_2662.jpg,running
Image_2669.jpg,running
Image_2683.jpg,sleeping
Image_2686.jpg,sleeping
Image_2688.jpg,sleeping
Image_2690.jpg,sleeping
Image_2693.jpg,sitting
Image_2700.jpg,sleeping
Image_2701.jpg,sleeping
Image_2712.jpg,sitting
Image_2720.jpg,sleeping
Image_2738.jpg,running
Image_2747.jpg,sleeping
Image_2756.jpg,sitting
Image_2777.jpg,sitting
Image_2779.jpg,sleeping
Image_2784.jpg,sleeping
Image_2785.jpg,sleeping
Image_2792.jpg,sleeping
Image_2793.jpg,sitting
Image_2796.jpg,sitting
Image_2799.jpg,sleeping
Image_2808.jpg,sitting
Image_2815.jpg,sitting
Image_2820.jpg,running
Image_2833.jpg,sleeping
Image_2852.jpg,sleeping
Image_2862.jpg,sleeping
Image_2867.jpg,sleeping
Image_2869.jpg,sleeping
Image_2888.jpg,sitting
Image_2906.jpg,sleeping
Image_2929.jpg,sleeping
Image_2930.jpg,sleeping
Image_2934.jpg,sitting
Image_2940.jpg,sleeping
Image_2946.jpg,sitting
Image_2964.jpg,sleeping
Image_2979.jpg,sleeping
Image_2999.jpg,sitting
Image_3007.jpg,sleeping
Image_3021.jpg,sleeping
Image_3050.jpg,running
Image_3064.jpg,sleeping
Image_3065.jpg,sleeping
Image_3115.jpg,sitting
Image_3117.jpg,sleeping
Image_3159.jpg,running
Image_3163.jpg,sleeping
Image_3178.jpg,sitting
Image_3187.jpg,sitting
Image_3200.jpg,sitting
Image_3231.jpg,sleeping
Image_3239.jpg,sleeping
Image_3255.jpg,sleeping
Image_3258.jpg,running
Image_3291.jpg,sitting
Image_3299.jpg,running
Image_3307.jpg,sleeping
Image_3314.jpg,sleeping
Image_3315.jpg,sitting
Image_3316.jpg,sitting
Image_3325.jpg,running
Image_3331.jpg,sleeping
Image_3337.jpg,sleeping
Image_3338.jpg,running
Image_3342.jpg,sleeping
Image_3359.jpg,sleeping
Image_3360.jpg,sitting
Image_3382.jpg,sitting
Image_3385.jpg,sleeping
Image_3390.jpg,sleeping
Image_3392.jpg,sleeping
Image_3405.jpg,running
Image_3440.jpg,sleeping
Image_3445.jpg,sleeping
Image_3479.jpg,running
Image_3494.jpg,sitting
Image_3518.jpg,sleeping
Image_3526.jpg,sleeping
Image_3529.jpg,sleeping
Image_3531.jpg,running
Image_3535.jpg,sleeping
Image_3542.jpg,sitting
Image_3544.jpg,sleeping
Image_3554.jpg,sleeping
Image_3562.jpg,sleeping
Image_3575.jpg,sleeping
Image_3580.jpg,sitting
Image_3590.jpg,running
Image_3599.jpg,sitting
Image_3621.jpg,sleeping
Image_3638.jpg,sitting
Image_3670.jpg,sleeping
Image_3671.jpg,sitting
Image_3687.jpg,running
Image_3713.jpg,sleeping
Image_3716.jpg,sitting
Image_3732.jpg,sleeping
Image_3734.jpg,sitting
Image_3762.jpg,sleeping
Image_3764.jpg,running
Image_3770.jpg,sleeping
Image_3774.jpg,sitting
Image_3779.jpg,sitting
Image_3780.jpg,running
Image_3782.jpg,sleeping
Image_3789.jpg,sitting
Image_3790.jpg,sleeping
Image_3794.jpg,sleeping
Image_3809.jpg,sleeping
Image_3816.jpg,sleeping
Image_3820.jpg,sleeping
Image_3825.jpg,sleeping
Image_3859.jpg,sleeping
Image_3872.jpg,sleeping
Image_3873.jpg,sleeping
Image_3883.jpg,sitting
Image_3890.jpg,sleeping
Image_3892.jpg,sitting
Image_3898.jpg,sleeping
Image_3945.jpg,sleeping
Image_3947.jpg,sleeping
Image_3961.jpg,sleeping
Image_4001.jpg,sitting
Image_4003.jpg,sitting
Image_4010.jpg,sitting
Image_4019.jpg,sitting
Image_4021.jpg,sleeping
Image_4032.jpg,running
Image_4048.jpg,sitting
Image_4051.jpg,sitting
Image_4080.jpg,sitting
Image_4107.jpg,sleeping
Image_4111.jpg,sitting
Image_4123.jpg,running
Image_4124.jpg,sleeping
Image_4134.jpg,sitting
Image_4143.jpg,sitting
Image_4172.jpg,sleeping
Image_4189.jpg,sleeping
Image_4192.jpg,running
Image_4223.jpg,sleeping
Image_4233.jpg,sleeping
Image_4237.jpg,sleeping
Image_4238.jpg,sleeping
Image_4239.jpg,sitting
Image_4246.jpg,sitting
Image_4262.jpg,running
Image_4292.jpg,running
Image_4299.jpg,sleeping
Image_4310.jpg,sitting
Image_4318.jpg,sleeping
Image_4319.jpg,sleeping
Image_4329.jpg,sitting
Image_4338.jpg,sleeping
Image_4343.jpg,sleeping
Image_4352.jpg,sleeping
Image_4357.jpg,running
Image_4360.jpg,sitting
Image_4366.jpg,sitting
Image_4369.jpg,sleeping
Image_4383.jpg,sitting
Image_4388.jpg,running
Image_4393.jpg,sleeping
Image_4394.jpg,sleeping
Image_4400.jpg,sleeping
Image_4414.jpg,sleeping
Image_4425.jpg,sleeping
Image_4432.jpg,running
Image_4458.jpg,sleeping
Image_4464.jpg,sitting
Image_4466.jpg,sleeping
Image_4502.jpg,sitting
Image_4504.jpg,sitting
Image_4523.jpg,sleeping
Image_4526.jpg,sleeping
Image_4533.jpg,sleeping
Image_4537.jpg,sitting
Image_4538.jpg,sleeping
Image_4554.jpg,sitting
Image_4559.jpg,sleeping
Image_4565.jpg,sitting
Image_4569.jpg,sitting
Image_4585.jpg,sleeping
Image_4599.jpg,running
Image_4626.jpg,sleeping
Image_4627.jpg,sleeping
Image_4657.jpg,sleeping
Image_4662.jpg,sleeping
Image_4667.jpg,sleeping
Image_4669.jpg,sleeping
Image_4672.jpg,sleeping
Image_4673.jpg,sitting
Image_4692.jpg,sleeping
Image_4694.jpg,running
Image_4705.jpg,sitting
Image_4717.jpg,sleeping
Image_4732.jpg,running
Image_4758.jpg,sitting
Image_4786.jpg,sleeping
Image_4793.jpg,sleeping
Image_4813.jpg,sleeping
Image_4819.jpg,sitting
Image_4827.jpg,sleeping
Image_4840.jpg,sleeping
Image_4849.jpg,sitting
Image_4851.jpg,sleeping
Image_4859.jpg,sitting
Image_4863.jpg,sleeping
Image_4867.jpg,running
Image_4878.jpg,sleeping
Image_4887.jpg,sleeping
Image_4895.jpg,sleeping
Image_4905.jpg,sleeping
Image_4921.jpg,sleeping
Image_4927.jpg,sitting
Image_4934.jpg,sitting
Image_4935.jpg,sitting
Image_4963.jpg,running
Image_4996.jpg,sleeping
Image_5001.jpg,sleeping
Image_5010.jpg,sleeping
Image_5015.jpg,sitting
Image_5018.jpg,sleeping
Image_5019.jpg,sleeping
Image_5026.jpg,running
Image_5065.jpg,running
Image_5068.jpg,sleeping
Image_5073.jpg,sleeping
Image_5087.jpg,sitting
Image_5093.jpg,sitting
Image_5105.jpg,sleeping
Image_5137.jpg,sitting
Image_5150.jpg,sleeping
Image_5153.jpg,sitting
Image_5160.jpg,sitting
Image_5163.jpg,sleeping
Image_5191.jpg,sleeping
Image_5199.jpg,sleeping
Image_5201.jpg,running
Image_5203.jpg,sitting
Image_5210.jpg,sitting
Image_5213.jpg,sleeping
Image_5244.jpg,sleeping
Image_5267.jpg,sitting
Image_5268.jpg,sitting
Image_5276.jpg,sleeping
Image_5280.jpg,sitting
Image_5283.jpg,sleeping
Image_5289.jpg,running
Image_5303.jpg,sleeping
Image_5307.jpg,sitting
Image_5315.jpg,sitting
Image_5333.jpg,sitting
Image_5334.jpg,sitting
Image_5336.jpg,running
Image_5340.jpg,sleeping
Image_5352.jpg,sleeping
Image_5354.jpg,sleeping
Image_5357.jpg,sleeping
Image_5368.jpg,sitting
Image_5375.jpg,running
Image_5377.jpg,sleeping
Image_5399.jpg,sitting
Image_5401.jpg,sitting
Image_5405.jpg,sleeping
Image_5421.jpg,sleeping
Image_5429.jpg,sleeping
Image_5430.jpg,running
Image_5453.jpg,sleeping
Image_5455.jpg,sleeping
Image_5458.jpg,sleeping
Image_5462.jpg,sitting
Image_5477.jpg,running
Image_5482.jpg,sitting
Image_5501.jpg,sleeping
Image_5510.jpg,sitting
Image_5513.jpg,sleeping
Image_5546.jpg,sleeping
Image_5552.jpg,sitting
Image_5554.jpg,sitting
Image_5561.jpg,sitting
Image_5569.jpg,sitting
Image_5576.jpg,sleeping
Image_5592.jpg,sleeping
Image_5612.jpg,sleeping
Image_5627.jpg,sleeping
Image_5633.jpg,sitting
Image_5642.jpg,sleeping
Image_5675.jpg,sleeping
Image_5676.jpg,sleeping
Image_5683.jpg,running
Image_5690.jpg,sitting
Image_5693.jpg,sleeping
Image_5696.jpg,sitting
Image_5716.jpg,sleeping
Image_5718.jpg,sleeping
Image_5726.jpg,sitting
Image_5765.jpg,running
Image_5775.jpg,sitting
Image_5781.jpg,sitting
Image_5784.jpg,running
Image_5800.jpg,sleeping
Image_5832.jpg,sitting
Image_5834.jpg,sitting
Image_5840.jpg,running
Image_5850.jpg,sleeping
Image_5887.jpg,sitting
Image_5891.jpg,sitting
Image_5899.jpg,sleeping
Image_5901.jpg,sitting
Image_5925.jpg,sleeping
Image_5933.jpg,sleeping
Image_5935.jpg,running
Image_5950.jpg,sleeping
Image_5980.jpg,running
Image_5994.jpg,sleeping
Image_6000.jpg,sleeping
Image_6002.jpg,sleeping
Image_6028.jpg,sitting
Image_6033.jpg,sleeping
Image_6046.jpg,sleeping
Image_6047.jpg,sitting
Image_6055.jpg,sleeping
Image_6063.jpg,running
Image_6075.jpg,sitting
Image_6078.jpg,sitting
Image_6080.jpg,sleeping
Image_6083.jpg,sleeping
Image_6086.jpg,sleeping
Image_6110.jpg,sleeping
Image_6140.jpg,sitting
Image_6146.jpg,sitting
Image_6148.jpg,sleeping
Image_6171.jpg,sitting
Image_6175.jpg,sleeping
Image_6190.jpg,sleeping
Image_6197.jpg,sleeping
Image_6203.jpg,sleeping
Image_6204.jpg,sleeping
Image_6208.jpg,running
Image_6218.jpg,sitting
Image_6220.jpg,sleeping
Image_6224.jpg,sleeping
Image_6226.jpg,sleeping
Image_6249.jpg,running
Image_6278.jpg,sleeping
Image_6292.jpg,running
Image_6300.jpg,sleeping
Image_6309.jpg,sleeping
Image_6330.jpg,sleeping
Image_6332.jpg,sleeping
Image_6336.jpg,running
Image_6342.jpg,sleeping
Image_6354.jpg,sleeping
Image_6355.jpg,sleeping
Image_6362.jpg,sleeping
Image_6394.jpg,sitting
Image_6407.jpg,sleeping
Image_6412.jpg,sitting
Image_6414.jpg,sleeping
Image_6423.jpg,running
Image_6454.jpg,sleeping
Image_6460.jpg,sitting
Image_6463.jpg,sitting
Image_6471.jpg,sleeping
Image_6472.jpg,running
Image_6496.jpg,sitting
Image_6499.jpg,sleeping
Image_6504.jpg,sleeping
Image_6519.jpg,sleeping
Image_6527.jpg,running
Image_6532.jpg,sitting
Image_6541.jpg,sitting
Image_6552.jpg,running
Image_6557.jpg,sleeping
Image_6578.jpg,sleeping
Image_6584.jpg,sleeping
Image_6604.jpg,sleeping
Image_6622.jpg,sleeping
Image_6626.jpg,sleeping
Image_6629.jpg,sleeping
Image_6636.jpg,sitting
Image_6644.jpg,sleeping
Image_6646.jpg,running
Image_6660.jpg,sitting
Image_6664.jpg,sleeping
Image_6667.jpg,sitting
Image_6689.jpg,sleeping
Image_6692.jpg,sleeping
Image_6696.jpg,sleeping
Image_6698.jpg,sitting
Image_6700.jpg,sleeping
Image_6727.jpg,running
Image_6736.jpg,sleeping
Image_6745.jpg,running
Image_6754.jpg,sleeping
Image_6756.jpg,sitting
Image_6762.jpg,sitting
Image_6768.jpg,sleeping
Image_6774.jpg,sleeping
Image_6788.jpg,sleeping
Image_6793.jpg,sleeping
Image_6795.jpg,sleeping
Image_6813.jpg,sleeping
Image_6825.jpg,sleeping
Image_6829.jpg,sleeping
Image_6832.jpg,running
Image_6836.jpg,sleeping
Image_6838.jpg,sleeping
Image_6841.jpg,sleeping
Image_6849.jpg,sitting
Image_6862.jpg,sitting
Image_6869.jpg,running
Image_6878.jpg,sitting
Image_6880.jpg,sitting
Image_6927.jpg,sleeping
Image_6939.jpg,sleeping
Image_6943.jpg,sleeping
Image_6944.jpg,sleeping
Image_6949.jpg,sleeping
Image_6991.jpg,running
Image_7010.jpg,running
Image_7029.jpg,sleeping
Image_7046.jpg,running
Image_7052.jpg,sleeping
Image_7061.jpg,sleeping
Image_7076.jpg,sleeping
Image_7077.jpg,sleeping
Image_7083.jpg,sitting
Image_7089.jpg,sleeping
Image_7091.jpg,sitting
Image_7096.jpg,running
Image_7097.jpg,sitting
Image_7142.jpg,sitting
Image_7145.jpg,sitting
Image_7153.jpg,running
Image_7155.jpg,sleeping
Image_7160.jpg,sleeping
Image_7171.jpg,sleeping
Image_7184.jpg,sleeping
Image_7194.jpg,sitting
Image_7200.jpg,sitting
Image_7217.jpg,sleeping
Image_7224.jpg,sleeping
Image_7227.jpg,running
Image_7243.jpg,running
Image_7247.jpg,sleeping
Image_7265.jpg,sitting
Image_7267.jpg,sitting
Image_7274.jpg,sleeping
Image_7278.jpg,sleeping
Image_7296.jpg,sleeping
Image_7299.jpg,sitting
Image_7303.jpg,sleeping
Image_7313.jpg,sleeping
Image_7316.jpg,sleeping
Image_7320.jpg,sitting
Image_7335.jpg,sleeping
Image_7345.jpg,sleeping
Image_7346.jpg,sitting
Image_7348.jpg,sleeping
Image_7364.jpg,sitting
Image_7374.jpg,sleeping
Image_7385.jpg,running
Image_7388.jpg,sitting
Image_7401.jpg,running
Image_7411.jpg,sleeping
Image_7414.jpg,sleeping
Image_7430.jpg,sleeping
Image_7434.jpg,sitting
Image_7438.jpg,sitting
Image_7464.jpg,sitting
Image_7465.jpg,sleeping
Image_7474.jpg,sleeping
Image_7478.jpg,sleeping
Image_7511.jpg,running
Image_7530.jpg,sitting
Image_7541.jpg,sleeping
Image_7560.jpg,sleeping
Image_7578.jpg,sleeping
Image_7620.jpg,sitting
Image_7631.jpg,running
Image_7642.jpg,sleeping
Image_7643.jpg,sleeping
Image_7644.jpg,sleeping
Image_7660.jpg,sleeping
Image_7698.jpg,sleeping
Image_7706.jpg,sitting
Image_7711.jpg,sleeping
Image_7721.jpg,running
Image_7727.jpg,sleeping
Image_7745.jpg,sitting
Image_7746.jpg,sitting
Image_7748.jpg,sleeping
Image_7749.jpg,sleeping
Image_7750.jpg,sleeping
Image_7755.jpg,sitting
Image_7764.jpg,sleeping
Image_7767.jpg,sleeping
Image_7787.jpg,running
Image_7789.jpg,sitting
Image_7801.jpg,sleeping
Image_7808.jpg,sleeping
Image_7811.jpg,sleeping
Image_7816.jpg,running
Image_7822.jpg,running
Image_7829.jpg,running
Image_7859.jpg,sleeping
Image_7860.jpg,sleeping
Image_7905.jpg,running
Image_7906.jpg,sleeping
Image_7917.jpg,sleeping
Image_7919.jpg,sitting
Image_7921.jpg,sleeping
Image_7951.jpg,sitting
Image_7952.jpg,sleeping
Image_7965.jpg,sleeping
Image_7969.jpg,sleeping
Image_7975.jpg,sleeping
Image_7981.jpg,running
Image_7996.jpg,sleeping
Image_8010.jpg,running
Image_8013.jpg,sitting
Image_8021.jpg,running
Image_8026.jpg,sleeping
Image_8036.jpg,sleeping
Image_8049.jpg,sleeping
Image_8065.jpg,running
Image_8073.jpg,sleeping
Image_8075.jpg,sleeping
Image_8097.jpg,running
Image_8126.jpg,sleeping
Image_8130.jpg,running
Image_8136.jpg,sleeping
Image_8140.jpg,sitting
Image_8156.jpg,running
Image_8164.jpg,sleeping
Image_8179.jpg,sitting
Image_8196.jpg,sleeping
Image_8210.jpg,running
Image_8213.jpg,sleeping
Image_8220.jpg,sitting
Image_8224.jpg,sitting
Image_8227.jpg,sleeping
Image_8232.jpg,sitting
Image_8236.jpg,sleeping
Image_8259.jpg,sleeping
Image_8264.jpg,sleeping
Image_8275.jpg,sitting
Image_8279.jpg,running
Image_8294.jpg,sitting
Image_8303.jpg,sleeping
Image_8315.jpg,sitting
Image_8326.jpg,sleeping
Image_8339.jpg,sleeping
Image_8346.jpg,sleeping
Image_8354.jpg,sleeping
Image_8356.jpg,sitting
Image_8358.jpg,running
Image_8374.jpg,sleeping
Image_8378.jpg,running
Image_8409.jpg,running
Image_8413.jpg,sleeping
Image_8415.jpg,sitting
Image_8424.jpg,sleeping
Image_8427.jpg,sleeping
Image_8444.jpg,sleeping
Image_8481.jpg,sleeping
Image_8483.jpg,sleeping
Image_8504.jpg,sitting
Image_8517.jpg,sitting
Image_8518.jpg,running
Image_8523.jpg,sleeping
Image_8548.jpg,running
Image_8549.jpg,sleeping
Image_8556.jpg,sleeping
Image_8558.jpg,sitting
Image_8567.jpg,sitting
Image_8569.jpg,sleeping
Image_8573.jpg,sleeping
Image_8584.jpg,sleeping
Image_8591.jpg,sitting
Image_8600.jpg,sleeping
Image_8604.jpg,sitting
Image_8609.jpg,sleeping
Image_8615.jpg,sitting
Image_8624.jpg,sleeping
Image_8628.jpg,sitting
Image_8629.jpg,running
Image_8642.jpg,sleeping
Image_8652.jpg,sitting
Image_8659.jpg,sitting
Image_8663.jpg,running
Image_8668.jpg,running
Image_8678.jpg,sleeping
Image_8684.jpg,sitting
Image_8692.jpg,running
Image_8696.jpg,sleeping
Image_8707.jpg,sitting
Image_8710.jpg,running
Image_8712.jpg,sitting
Image_8717.jpg,sleeping
Image_8722.jpg,sleeping
Image_8723.jpg,sleeping
Image_8725.jpg,sleeping
Image_8732.jpg,sitting
Image_8750.jpg,sleeping
Image_8758.jpg,sleeping
Image_8794.jpg,sleeping
Image_8807.jpg,sleeping
Image_8815.jpg,sitting
Image_8829.jpg,sleeping
Image_8863.jpg,sleeping
Image_8869.jpg,sitting
Image_8880.jpg,sleeping
Image_8895.jpg,sleeping
Image_8907.jpg,sitting
Image_8936.jpg,sleeping
Image_8954.jpg,sleeping
Image_8960.jpg,sitting
Image_8961.jpg,running
Image_8983.jpg,sleeping
Image_8990.jpg,running
Image_9007.jpg,sleeping
Image_9017.jpg,sleeping
Image_9032.jpg,sleeping
Image_9056.jpg,sitting
Image_9073.jpg,sleeping
Image_9079.jpg,running
Image_9084.jpg,sleeping
Image_9089.jpg,sleeping
Image_9115.jpg,sitting
Image_9144.jpg,running
Image_9164.jpg,running
Image_9172.jpg,sleeping
Image_9179.jpg,sitting
Image_9186.jpg,sitting
Image_9187.jpg,sitting
Image_9201.jpg,sleeping
Image_9224.jpg,running
Image_9229.jpg,sleeping
Image_9265.jpg,running
Image_9275.jpg,sleeping
Image_9276.jpg,sleeping
Image_9302.jpg,sleeping
Image_9309.jpg,sitting
Image_9311.jpg,sleeping
Image_9313.jpg,sitting
Image_9320.jpg,sitting
Image_9326.jpg,sleeping
Image_9328.jpg,running
Image_9334.jpg,sleeping
Image_9341.jpg,sitting
Image_9359.jpg,sleeping
Image_9366.jpg,sitting
Image_9377.jpg,sleeping
Image_9381.jpg,sitting
Image_9388.jpg,running
Image_9390.jpg,sleeping
Image_9395.jpg,sleeping
Image_9403.jpg,sitting
Image_9408.jpg,sleeping
Image_9429.jpg,running
Image_9432.jpg,sleeping
Image_9435.jpg,sitting
Image_9442.jpg,sleeping
Image_9453.jpg,sitting
Image_9456.jpg,sleeping
Image_9473.jpg,sitting
Image_9479.jpg,running
Image_9485.jpg,sleeping
Image_9487.jpg,sitting
Image_9498.jpg,sleeping
Image_9508.jpg,sitting
Image_9509.jpg,sleeping
Image_9512.jpg,sleeping
Image_9513.jpg,sitting
Image_9518.jpg,running
Image_9530.jpg,sitting
Image_9531.jpg,sleeping
Image_9555.jpg,sleeping
Image_9566.jpg,sitting
Image_9568.jpg,sleeping
Image_9572.jpg,sleeping
Image_9576.jpg,sleeping
Image_9579.jpg,sleeping
Image_9582.jpg,sitting
Image_9588.jpg,sleeping
Image_9589.jpg,sitting
Image_9603.jpg,running
Image_9613.jpg,sleeping
Image_9616.jpg,sleeping
Image_9619.jpg,sleeping
Image_9628.jpg,sleeping
Image_9640.jpg,sitting
Image_9649.jpg,sleeping
Image_9650.jpg,sitting
Image_9651.jpg,sleeping
Image_9655.jpg,sleeping
Image_9679.jpg,sleeping
Image_9683.jpg,sitting
Image_9684.jpg,running
Image_9698.jpg,sleeping
Image_9701.jpg,sitting
Image_9712.jpg,sleeping
Image_9721.jpg,sitting
Image_9730.jpg,sleeping
Image_9731.jpg,running
Image_9773.jpg,running
Image_9784.jpg,sitting
Image_9806.jpg,sleeping
Image_9816.jpg,sleeping
Image_9826.jpg,sleeping
Image_9849.jpg,running
Image_9850.jpg,sleeping
Image_9865.jpg,sleeping
Image_9868.jpg,sleeping
Image_9875.jpg,sleeping
Image_9878.jpg,sleeping
Image_9897.jpg,sleeping
Image_9904.jpg,sleeping
Image_9914.jpg,sitting
Image_9939.jpg,sleeping
Image_9947.jpg,sleeping
Image_9951.jpg,running
Image_9965.jpg,sleeping
Image_9968.jpg,sitting
Image_9974.jpg,sleeping
Image_9984.jpg,sleeping
Image_10005.jpg,sitting
Image_10012.jpg,sitting
Image_10026.jpg,sitting
Image_10038.jpg,running
Image_10053.jpg,sitting
Image_10054.jpg,running
Image_10060.jpg,running
Image_10088.jpg,sitting
Image_10091.jpg,sitting
Image_10104.jpg,sleeping
Image_10108.jpg,running
Image_10126.jpg,running
Image_10140.jpg,sleeping
Image_10148.jpg,sleeping
Image_10169.jpg,sitting
Image_10170.jpg,sleeping
Image_10171.jpg,sleeping
Image_10180.jpg,sleeping
Image_10195.jpg,running
Image_10199.jpg,sitting
Image_10235.jpg,sleeping
Image_10244.jpg,sleeping
Image_10246.jpg,sleeping
Image_10259.jpg,sitting
Image_10261.jpg,sleeping
Image_10288.jpg,sitting
Image_10311.jpg,sleeping
Image_10330.jpg,sitting
Image_10354.jpg,sleeping
Image_10361.jpg,sleeping
Image_10363.jpg,sleeping
Image_10372.jpg,sleeping
Image_10375.jpg,running
Image_10380.jpg,sleeping
Image_10395.jpg,sitting
Image_10397.jpg,sleeping
Image_10408.jpg,sitting
Image_10413.jpg,sleeping
Image_10430.jpg,sitting
Image_10437.jpg,running
Image_10440.jpg,sitting
Image_10462.jpg,sleeping
Image_10480.jpg,sitting
Image_10490.jpg,sitting
Image_10502.jpg,sleeping
Image_10505.jpg,sleeping
Image_10506.jpg,sitting
Image_10542.jpg,running
Image_10558.jpg,sleeping
Image_10564.jpg,running
Image_10586.jpg,sitting
Image_10590.jpg,sleeping
Image_10593.jpg,sleeping
Image_10608.jpg,sleeping
Image_10617.jpg,sleeping
Image_10625.jpg,sleeping
Image_10627.jpg,sleeping
Image_10630.jpg,sleeping
Image_10634.jpg,sleeping
Image_10641.jpg,sleeping
Image_10647.jpg,sleeping
Image_10661.jpg,sleeping
Image_10668.jpg,sleeping
Image_10670.jpg,sleeping
Image_10675.jpg,running
Image_10676.jpg,sleeping
Image_10689.jpg,sitting
Image_10706.jpg,running
Image_10711.jpg,sitting
Image_10715.jpg,sitting
Image_10726.jpg,sleeping
Image_10748.jpg,sleeping
Image_10750.jpg,sitting
Image_10759.jpg,sleeping
Image_10765.jpg,sitting
Image_10772.jpg,sleeping
Image_10774.jpg,sitting
Image_10793.jpg,sleeping
Image_10799.jpg,sitting
Image_10802.jpg,sleeping
Image_10806.jpg,sitting
Image_10817.jpg,sleeping
Image_10821.jpg,running
Image_10826.jpg,sleeping
Image_10831.jpg,sitting
Image_10838.jpg,sitting
Image_10840.jpg,running
Image_10848.jpg,sleeping
Image_10854.jpg,sleeping
Image_10859.jpg,sitting
Image_10861.jpg,sitting
Image_10884.jpg,sleeping
Image_10889.jpg,sleeping
Image_10890.jpg,running
Image_10904.jpg,sleeping
Image_10905.jpg,sleeping
Image_10914.jpg,sitting
Image_10916.jpg,running
Image_10927.jpg,sleeping
Image_10929.jpg,sleeping
Image_10940.jpg,sleeping
Image_10944.jpg,sleeping
Image_11014.jpg,sitting
Image_11019.jpg,sleeping
Image_11041.jpg,sleeping
Image_11043.jpg,sitting
Image_11046.jpg,sleeping
Image_11049.jpg,sitting
Image_11062.jpg,sleeping
Image_11082.jpg,sitting
Image_11095.jpg,running
Image_11098.jpg,sitting
Image_11104.jpg,sleeping
Image_11109.jpg,sleeping
Image_11115.jpg,sleeping
Image_11117.jpg,sitting
Image_11130.jpg,sleeping
Image_11147.jpg,sitting
Image_11152.jpg,sitting
Image_11154.jpg,running
Image_11177.jpg,sleeping
Image_11190.jpg,sleeping
Image_11195.jpg,running
Image_11198.jpg,sleeping
Image_11226.jpg,sleeping
Image_11251.jpg,sleeping
Image_11269.jpg,sleeping
Image_11278.jpg,sleeping
Image_11299.jpg,sleeping
Image_11305.jpg,running
Image_11314.jpg,sleeping
Image_11316.jpg,sitting
Image_11336.jpg,running
Image_11367.jpg,sleeping
Image_11382.jpg,sitting
Image_11395.jpg,sleeping
Image_11404.jpg,sleeping
Image_11412.jpg,sleeping
Image_11415.jpg,sleeping
Image_11427.jpg,sleeping
Image_11430.jpg,sitting
Image_11436.jpg,sleeping
Image_11444.jpg,sleeping
Image_11448.jpg,running
Image_11454.jpg,sleeping
Image_11470.jpg,sitting
Image_11477.jpg,sleeping
Image_11486.jpg,sleeping
Image_11496.jpg,running
Image_11499.jpg,sleeping
Image_11514.jpg,sleeping
Image_11520.jpg,sitting
Image_11538.jpg,sleeping
Image_11539.jpg,sleeping
Image_11545.jpg,sitting
Image_11567.jpg,running
Image_11580.jpg,running
Image_11595.jpg,sleeping
Image_11600.jpg,sleeping
Image_11603.jpg,sitting
Image_11625.jpg,sleeping
Image_11629.jpg,running
Image_11633.jpg,sleeping
Image_11641.jpg,sitting
Image_11662.jpg,sleeping
Image_11683.jpg,sitting
Image_11701.jpg,sleeping
Image_11720.jpg,sleeping
Image_11734.jpg,sitting
Image_11749.jpg,sleeping
Image_11751.jpg,sleeping
Image_11778.jpg,sitting
Image_11784.jpg,sitting
Image_11787.jpg,running
Image_11801.jpg,sitting
Image_11809.jpg,sitting
Image_11810.jpg,sleeping
Image_11825.jpg,sleeping
Image_11841.jpg,sleeping
Image_11855.jpg,sleeping
Image_11858.jpg,sitting
Image_11865.jpg,sitting
Image_11879.jpg,running
Image_11899.jpg,sleeping
Image_11909.jpg,running
Image_11920.jpg,sleeping
Image_11925.jpg,sitting
Image_11948.jpg,sleeping
Image_11952.jpg,running
Image_11958.jpg,running
Image_11987.jpg,sitting
Image_11995.jpg,running
Image_12017.jpg,sleeping
Image_12024.jpg,sitting
Image_12031.jpg,running
Image_12033.jpg,sleeping
Image_12034.jpg,sitting
Image_12037.jpg,sitting
Image_12049.jpg,sleeping
Image_12053.jpg,sleeping
Image_12062.jpg,sleeping
Image_12085.jpg,sleeping
Image_12086.jpg,sitting
Image_12102.jpg,sleeping
Image_12133.jpg,running
Image_12154.jpg,sitting
Image_12163.jpg,sitting
Image_12167.jpg,sleeping
Image_12171.jpg,sitting
Image_12175.jpg,sleeping
Image_12182.jpg,sleeping
Image_12204.jpg,sleeping
Image_12206.jpg,sleeping
Image_12214.jpg,sitting
Image_12217.jpg,running
Image_12220.jpg,sleeping
Image_12228.jpg,sleeping
Image_12251.jpg,sleeping
Image_12258.jpg,running
Image_12262.jpg,running
Image_12263.jpg,sleeping
Image_12265.jpg,sleeping
Image_12281.jpg,sleeping
Image_12286.jpg,sitting
Image_12311.jpg,sitting
Image_12313.jpg,sleeping
Image_12318.jpg,sleeping
Image_12320.jpg,sleeping
Image_12340.jpg,sleeping
Image_12345.jpg,sleeping
Image_12356.jpg,sitting
Image_12380.jpg,sleeping
Image_12382.jpg,running
Image_12387.jpg,sitting
Image_12392.jpg,sitting
Image_12401.jpg,sleeping
Image_12431.jpg,sleeping
Image_12432.jpg,running
Image_12437.jpg,sitting
Image_12457.jpg,sleeping
Image_12462.jpg,sleeping
Image_12473.jpg,sitting
Image_12479.jpg,sleeping
Image_12496.jpg,sleeping
Image_12502.jpg,sitting
Image_12511.jpg,sitting
Image_12518.jpg,sitting
Image_12527.jpg,running
Image_12577.jpg,sleeping
Image_12594.jpg,sleeping
Image_12596.jpg,sitting
Image_12598.jpg,sitting
